cbsa,metarea,msacmsa,pmsa,msaname,cbsaname
10180,4,40,,"Abilene, TX","Abilene, TX"
10420,8,80,80,"Akron, OH (P)","Akron, OH"
10500,12,120,,"Albany, GA","Albany, GA"
10580,16,160,,"Albany-Schenectady-Troy, NY","Albany-Schenectady-Troy, NY"
11220,16,160,,"Albany-Schenectady-Troy, NY","Amsterdam, NY"
10740,20,200,,"Albuquerque, NM","Albuquerque, NM"
10780,22,220,,"Alexandria, LA","Alexandria, LA"
10900,24,240,,"Allentown-Bethlehem-Easton, PA","Allentown-Bethlehem-Easton, PA-NJ"
11020,28,280,,"Altoona, PA","Altoona, PA"
11100,32,320,,"Amarillo, TX","Amarillo, TX"
11260,38,380,,"Anchorage, AK","Anchorage, AK"
10300,44,440,440,"Ann Arbor, MI (P)","Adrian, MI"
11460,44,440,440,"Ann Arbor, MI (P)","Ann Arbor, MI"
19820,44,440,440,"Ann Arbor, MI (P)","Detroit-Warren-Dearborn, MI"
11500,45,450,,"Anniston, AL","Anniston-Oxford-Jacksonville, AL"
11540,46,460,,"Appleton-Oshkosh-Neenah, WI","Appleton, WI"
36780,46,460,,"Appleton-Oshkosh-Neenah, WI","Oshkosh-Neenah, WI"
11700,48,480,,"Asheville, NC","Asheville, NC"
12020,50,500,,"Athens, GA","Athens-Clarke County, GA"
12060,52,520,,"Atlanta, GA","Atlanta-Sandy Springs-Roswell, GA"
12100,56,560,560,"Atlantic-Cape May, NJ (P)","Atlantic City-Hammonton, NJ"
36140,56,560,560,"Atlantic-Cape May, NJ (P)","Ocean City, NJ"
12220,58,580,,"Auburn-Opelika, AL","Auburn-Opelika, AL"
12260,60,600,,"Augusta-Aiken, GA-SC","Augusta-Richmond County, GA-SC"
12420,64,640,,"Austin-San Marcos, TX","Austin-Round Rock, TX"
12540,68,680,,"Bakersfield, CA","Bakersfield, CA"
12580,72,720,720,"Baltimore, MD (P)","Baltimore-Columbia-Towson, MD"
12620,73,730,,"Bangor, ME","Bangor, ME"
,73,730,,"Bangor, ME",""
12700,74,740,,"Barnstable-Yarmouth, MA","Barnstable Town, MA"
12940,76,760,,"Baton Rouge, LA","Baton Rouge, LA"
13140,84,840,,"Beaumont-Port Arthur, TX","Beaumont-Port Arthur, TX"
13380,86,860,,"Bellingham, WA","Bellingham, WA"
35660,87,870,,"Benton Harbor, MI","Niles-Benton Harbor, MI"
13740,88,880,,"Billings, MT","Billings, MT"
25060,92,920,,"Biloxi-Gulfport-Pascagoula, MS","Gulfport-Biloxi-Pascagoula, MS"
37700,92,920,,"Biloxi-Gulfport-Pascagoula, MS","37700"
13780,96,960,,"Binghamton, NY","Binghamton, NY"
13820,100,1000,,"Birmingham, AL","Birmingham-Hoover, AL"
13900,101,1010,,"Bismarck, ND","Bismarck, ND"
14020,102,1020,,"Bloomington, IN","Bloomington, IN"
14060,104,1040,,"Bloomington-Normal, IL","14060"
14260,108,1080,,"Boise City, ID","Boise City, ID"
14460,112,1120,4160,"Boston-Worcester-Lawrence, MA-NH-ME-CT (C)","Boston-Cambridge-Newton, MA-NH"
14460,112,1120,4560,"Boston-Worcester-Lawrence, MA-NH-ME-CT (C)","Boston-Cambridge-Newton, MA-NH"
14460,112,1120,1120,"Boston-Worcester-Lawrence, MA-NH-ME-CT (C)","Boston-Cambridge-Newton, MA-NH"
31700,112,1120,4560,"Boston-Worcester-Lawrence, MA-NH-ME-CT (C)","Manchester-Nashua, NH"
39300,112,1120,1120,"Boston-Worcester-Lawrence, MA-NH-ME-CT (C)","Providence-Warwick, RI-MA"
49340,112,1120,1120,"Boston-Worcester-Lawrence, MA-NH-ME-CT (C)","Worcester, MA-CT"
14740,115,1150,1150,"Bremerton, WA (P)","Bremerton-Silverdale, WA"
14860,116,1160,1160,"Bridgeport, CT (P)","Bridgeport-Stamford-Norwalk, CT"
35300,116,1160,1160,"Bridgeport, CT (P)","New Haven-Milford, CT"
14460,120,1200,1200,"Boston-Worcester-Lawrence, MA-NH-ME-CT (C)","Boston-Cambridge-Newton, MA-NH"
39300,120,1200,1200,"Boston-Worcester-Lawrence, MA-NH-ME-CT (C)","Providence-Warwick, RI-MA"
15180,124,1240,,"Brownsville-Harlingen-San Benito, TX","Brownsville-Harlingen, TX"
17780,126,1260,,"Bryan-College Station, TX","College Station-Bryan, TX"
15380,128,1280,,"Buffalo-Niagara Falls, NY","Buffalo-Cheektowaga-Niagara Falls, NY"
15540,131,1310,,"Burlington, VT","Burlington-South Burlington, VT"
15940,132,1320,,"Canton-Massillon, OH","Canton-Massillon, OH"
16220,135,1350,,"Casper, WY","Casper, WY"
16300,136,1360,,"Cedar Rapids, IA","Cedar Rapids, IA"
16580,140,1400,,"Champaign-Urbana, IL","Champaign-Urbana, IL"
16700,144,1440,,"Charleston-North Charleston, SC","Charleston-North Charleston, SC"
16620,148,1480,,"Charleston, WV","Charleston, WV"
16740,152,1520,,"Charlotte-Gastonia-Rock Hill, NC-SC","Charlotte-Concord-Gastonia, NC-SC"
30740,152,1520,,"Charlotte-Gastonia-Rock Hill, NC-SC","30740"
41580,152,1520,,"Charlotte-Gastonia-Rock Hill, NC-SC","41580"
16820,154,1540,,"Charlottesville, VA","Charlottesville, VA"
16860,156,1560,,"Chattanooga, TN-GA","Chattanooga, TN-GA"
16940,158,1580,,"Cheyenne, WY","Cheyenne, WY"
16980,160,1602,1600,"Chicago-Gary-Kenosha, IL-IN-WI (C)","Chicago-Naperville-Elgin, IL-IN-WI"
17020,162,1620,,"Chico-Paradise, CA","Chico, CA"
17140,164,1642,1640,"Cincinnati-Hamilton, OH-KY-IN (C)","Cincinnati, OH-KY-IN"
17300,166,1660,,"Clarksville-Hopkinsville, TN-KY","Clarksville, TN-KY"
11780,168,1680,1680,"Cleveland-Akron, OH (C)","Ashtabula, OH"
17460,168,1680,1680,"Cleveland-Akron, OH (C)","Cleveland-Elyria, OH"
17820,172,1720,,"Colorado Springs, CO","Colorado Springs, CO"
17860,174,1740,,"Columbia, MO","Columbia, MO"
17900,176,1760,,"Columbia, SC","Columbia, SC"
17980,180,1800,,"Columbus, GA-AL","Columbus, GA-AL"
18140,184,1840,,"Columbus, OH","Columbus, OH"
18580,188,1880,,"Corpus Christi, TX","Corpus Christi, TX"
18700,189,1890,,"Corvallis, OR","Corvallis, OR"
19060,190,1900,,"Cumberland, MD-WV","Cumberland, MD-WV"
11980,192,1922,1920,"Dallas-Fort Worth, TX (C)","Athens, TX"
19100,192,1922,2800,"Dallas-Fort Worth, TX (C)","Dallas-Fort Worth-Arlington, TX"
19100,192,1922,1920,"Dallas-Fort Worth, TX (C)","Dallas-Fort Worth-Arlington, TX"
24180,192,1922,2800,"Dallas-Fort Worth, TX (C)","24180"
14860,193,1930,1930,"Danbury, CT (P)","Bridgeport-Stamford-Norwalk, CT"
45860,193,1930,1930,"Danbury, CT (P)","Torrington, CT"
19260,195,1950,,"Danville, VA","Danville, VA"
19340,196,1960,,"Davenport-Moline-Rock Island, IA-IL","Davenport-Moline-Rock Island, IA-IL"
19380,200,2000,,"Dayton-Springfield, OH","Dayton, OH"
44220,200,2000,,"Dayton-Springfield, OH","Springfield, OH"
19660,202,2020,,"Daytona Beach, FL","Deltona-Daytona Beach-Ormond Beach, FL"
37380,202,2020,,"Daytona Beach, FL","37380"
19460,203,2030,,"Decatur, AL","Decatur, AL"
19500,204,2040,,"Decatur, IL","Decatur, IL"
14500,208,2082,1125,"Denver-Boulder-Greeley, CO (C)","Boulder, CO"
19740,208,2082,2080,"Denver-Boulder-Greeley, CO (C)","Denver-Aurora-Lakewood, CO"
19740,208,2082,1125,"Denver-Boulder-Greeley, CO (C)","Denver-Aurora-Lakewood, CO"
19780,212,2120,,"Des Moines, IA","Des Moines-West Des Moines, IA"
19820,216,2162,2160,"Detroit-Ann Arbor-Flint, MI (C)","Detroit-Warren-Dearborn, MI"
33780,216,2162,2160,"Detroit-Ann Arbor-Flint, MI (C)","Monroe, MI"
20020,218,2180,,"Dothan, AL","Dothan, AL"
21460,218,2180,,"Dothan, AL","Enterprise, AL"
20100,219,2190,,"Dover, DE","Dover, DE"
20220,220,2200,,"Dubuque, IA","Dubuque, IA"
20260,224,2240,,"Duluth-Superior, MN-WI","Duluth, MN-WI"
39100,228,2281,2281,"Dutchess County, NY (P)","39100"
20740,229,2290,,"Eau Claire, WI","Eau Claire, WI"
21340,231,2310,,"El Paso, TX","El Paso, TX"
21140,232,2320,,"Elkhart-Goshen, IN","Elkhart-Goshen, IN"
21300,233,2335,,"Elmira, NY","Elmira, NY"
21420,234,2340,,"Enid, OK","Enid, OK"
21500,236,2360,,"Erie, PA","Erie, PA"
21660,240,2400,,"Eugene-Springfield, OR","Eugene, OR"
21780,244,2440,,"Evansville-Henderson, IN-KY","Evansville, IN-KY"
22020,252,2520,,"Fargo-Moorhead, ND-MN","Fargo, ND-MN"
22180,256,2560,,"Fayetteville, NC","Fayetteville, NC"
22220,258,2580,,"Fayetteville-Springdale-Rogers, AR","Fayetteville-Springdale-Rogers, AR-MO"
14460,260,2600,2600,"Boston-Worcester-Lawrence, MA-NH-ME-CT (C)","Boston-Cambridge-Newton, MA-NH"
49340,260,2600,2600,"Boston-Worcester-Lawrence, MA-NH-ME-CT (C)","Worcester, MA-CT"
22380,262,2620,,"Flagstaff, AZ-UT","Flagstaff, AZ"
,262,2620,,"Flagstaff, AZ-UT",""
22420,264,2640,2640,"Flint, MI (P)","Flint, MI"
22520,265,2650,,"Florence, AL","Florence-Muscle Shoals, AL"
22500,265,2655,,"Florence, SC","Florence, SC"
22660,267,2670,,"Fort Collins-Loveland, CO","Fort Collins, CO"
33100,268,2680,2680,"Fort Lauderdale, FL (P)","Miami-Fort Lauderdale-West Palm Beach, FL"
15980,270,2700,,"Fort Myers-Cape Coral, FL","Cape Coral-Fort Myers, FL"
38940,271,2710,,"Fort Pierce-Port St. Lucie, FL","Port St. Lucie, FL"
22900,272,2720,,"Fort Smith, AR-OK","Fort Smith, AR-OK"
23020,275,2750,,"Fort Walton Beach, FL","23020"
12140,276,2760,,"Fort Wayne, IN","Auburn, IN"
19540,276,2760,,"Fort Wayne, IN","Decatur, IN"
23060,276,2760,,"Fort Wayne, IN","Fort Wayne, IN"
26540,276,2760,,"Fort Wayne, IN","Huntington, IN"
23420,284,2840,,"Fresno, CA","Fresno, CA"
31460,284,2840,,"Fresno, CA","Madera, CA"
23460,288,2880,,"Gadsden, AL","Gadsden, AL"
23540,290,2900,,"Gainesville, FL","Gainesville, FL"
26420,292,2920,2920,"Galveston-Texas City, TX (P)","Houston-The Woodlands-Sugar Land, TX"
16980,296,2960,2960,"Gary, IN (P)","Chicago-Naperville-Elgin, IL-IN-WI"
24020,297,2975,,"Glens Falls, NY","Glens Falls, NY"
24140,298,2980,,"Goldsboro, NC","Goldsboro, NC"
24220,299,2990,,"Grand Forks, ND-MN","Grand Forks, ND-MN"
10880,300,3000,,"Grand Rapids-Muskegon-Holland, MI","10880"
24340,300,3000,,"Grand Rapids-Muskegon-Holland, MI","Grand Rapids-Wyoming, MI"
26100,300,3000,,"Grand Rapids-Muskegon-Holland, MI","26100"
34740,300,3000,,"Grand Rapids-Muskegon-Holland, MI","Muskegon, MI"
24300,301,3010,,"Grand Junction, CO","Grand Junction, CO"
24500,304,3040,,"Great Falls, MT","Great Falls, MT"
19740,306,3060,3060,"Greeley, CO (P)","Denver-Aurora-Lakewood, CO"
24540,306,3060,3060,"Greeley, CO (P)","Greeley, CO"
24580,308,3080,,"Green Bay, WI","Green Bay, WI"
15500,312,3120,,"Greensboro--Winston Salem--High Point, NC","Burlington, NC"
24660,312,3120,,"Greensboro--Winston Salem--High Point, NC","Greensboro-High Point, NC"
45640,312,3120,,"Greensboro--Winston Salem--High Point, NC","45640"
49180,312,3120,,"Greensboro--Winston Salem--High Point, NC","Winston-Salem, NC"
24780,315,3150,,"Greenville, NC","Greenville, NC"
11340,316,3160,,"Greenville-Spartanburg-Anderson, SC","11340"
23500,316,3160,,"Greenville-Spartanburg-Anderson, SC","Gaffney, SC"
24860,316,3160,,"Greenville-Spartanburg-Anderson, SC","Greenville-Anderson-Mauldin, SC"
43900,316,3160,,"Greenville-Spartanburg-Anderson, SC","Spartanburg, SC"
25180,318,3180,3180,"Hagerstown, MD (P)","Hagerstown-Martinsburg, MD-WV"
17140,320,3200,3200,"Hamilton-Middletown, OH (P)","Cincinnati, OH-KY-IN"
25420,324,3240,,"Harrisburg-Lebanon-Carlisle, PA","Harrisburg-Carlisle, PA"
30140,324,3240,,"Harrisburg-Lebanon-Carlisle, PA","Lebanon, PA"
25540,328,3280,,"Hartford, CT","Hartford-West Hartford-East Hartford, CT"
35980,328,3280,,"Hartford, CT","Norwich-New London, CT"
45860,328,3280,,"Hartford, CT","Torrington, CT"
48740,328,3280,,"Hartford, CT","48740"
25860,329,3290,,"Hickory-Morganton-Lenoir, NC","Hickory-Lenoir-Morganton, NC"
25620,330,3300,,"Hattiesburg, MS","Hattiesburg, MS"
26180,332,3320,,"Honolulu, HI","26180"
26380,335,3350,,"Houma, LA","Houma-Thibodaux, LA"
26420,336,3362,3360,"Houston-Galveston-Brazoria, TX (C)","Houston-The Woodlands-Sugar Land, TX"
26420,336,3362,1145,"Houston-Galveston-Brazoria, TX (C)","Houston-The Woodlands-Sugar Land, TX"
26580,340,3400,,"Huntington-Ashland, WV-KY-OH","Huntington-Ashland, WV-KY-OH"
,340,3400,,"Huntington-Ashland, WV-KY-OH",""
26620,344,3440,,"Huntsville, AL","Huntsville, AL"
11300,348,3480,,"Indianapolis, IN","11300"
26900,348,3480,,"Indianapolis, IN","Indianapolis-Carmel-Anderson, IN"
26980,350,3500,,"Iowa City, IA","Iowa City, IA"
27100,352,3520,,"Jackson, MI","Jackson, MI"
27140,356,3560,,"Jackson, MS","Jackson, MS"
27180,358,3580,,"Jackson, TN","Jackson, TN"
27260,359,3595,,"Jacksonville, FL","Jacksonville, FL"
27340,360,3605,,"Jacksonville, NC","Jacksonville, NC"
27460,361,3610,,"Jamestown, NY","Jamestown-Dunkirk-Fredonia, NY"
27500,362,3620,,"Janesville-Beloit, WI","Janesville-Beloit, WI"
27740,366,3660,,"Johnson City-Kingsport-Bristol, TN-VA","Johnson City, TN"
28700,366,3660,,"Johnson City-Kingsport-Bristol, TN-VA","Kingsport-Bristol-Bristol, TN-VA"
27780,368,3680,,"Johnstown, PA","Johnstown, PA"
43740,368,3680,,"Johnstown, PA","Somerset, PA"
27860,370,3700,,"Jonesboro, AR","Jonesboro, AR"
27900,371,3710,,"Joplin, MO","Joplin, MO"
12980,372,3720,,"Kalamazoo-Battle Creek, MI","Battle Creek, MI"
28020,372,3720,,"Kalamazoo-Battle Creek, MI","Kalamazoo-Portage, MI"
28100,374,3740,3740,"Kankakee, IL (P)","Kankakee, IL"
28140,376,3760,,"Kansas City, MO-KS","Kansas City, MO-KS"
16980,380,3800,3800,"Kenosha, WI (P)","Chicago-Naperville-Elgin, IL-IN-WI"
28660,381,3810,,"Killeen-Temple, TX","Killeen-Temple, TX"
28940,384,3840,,"Knoxville, TN","Knoxville, TN"
42940,384,3840,,"Knoxville, TN","Sevierville, TN"
29020,385,3850,,"Kokomo, IN","Kokomo, IN"
29100,387,3870,,"La Crosse, WI-MN","La Crosse-Onalaska, WI-MN"
18940,388,3880,,"Lafayette, LA","18940"
29180,388,3880,,"Lafayette, LA","Lafayette, LA"
36660,388,3880,,"Lafayette, LA","Opelousas, LA"
23140,392,3920,,"Lafayette, IN","Frankfort, IN"
29140,392,3920,,"Lafayette, IN","29140"
29340,396,3960,,"Lake Charles, LA","Lake Charles, LA"
29460,398,3980,,"Lakeland-Winter Haven, FL","Lakeland-Winter Haven, FL"
29540,400,4000,,"Lancaster, PA","Lancaster, PA"
29620,404,4040,,"Lansing-East Lansing, MI","Lansing-East Lansing, MI"
29700,408,4080,,"Laredo, TX","Laredo, TX"
29740,410,4100,,"Las Cruces, NM","Las Cruces, NM"
29420,412,4120,,"Las Vegas, NV-AZ","Lake Havasu City-Kingman, AZ"
29820,412,4120,,"Las Vegas, NV-AZ","Las Vegas-Henderson-Paradise, NV"
37220,412,4120,,"Las Vegas, NV-AZ","Pahrump, NV"
29940,415,4150,,"Lawrence, KS","Lawrence, KS"
30020,420,4200,,"Lawton, OK","Lawton, OK"
30340,424,4240,,"Lewiston-Auburn, ME","Lewiston-Auburn, ME"
30460,428,4280,,"Lexington, KY","Lexington-Fayette, KY"
40080,428,4280,,"Lexington, KY","Richmond-Berea, KY"
30620,432,4320,,"Lima, OH","Lima, OH"
47540,432,4320,,"Lima, OH","Wapakoneta, OH"
30700,436,4360,,"Lincoln, NE","Lincoln, NE"
30780,440,4400,,"Little Rock-North Little Rock, AR","Little Rock-North Little Rock-Conway, AR"
30980,442,4420,,"Longview-Marshall, TX","Longview, TX"
32220,442,4420,,"Longview-Marshall, TX","Marshall, TX"
31100,448,4480,4480,"Los Angeles-Long Beach, CA (P)","31100"
31100,448,4480,5945,"Los Angeles-Riverside-Orange County, CA (C)","31100"
31140,452,4520,,"Louisville, KY-IN","Louisville/Jefferson County, KY-IN"
42500,452,4520,,"Louisville, KY-IN","42500"
31180,460,4600,,"Lubbock, TX","Lubbock, TX"
31340,464,4640,,"Lynchburg, VA","Lynchburg, VA"
22980,468,4680,,"Macon, GA","22980"
31420,468,4680,,"Macon, GA","Macon, GA"
47580,468,4680,,"Macon, GA","Warner Robins, GA"
31540,472,4720,,"Madison, WI","Madison, WI"
14460,476,4760,4760,"Boston-Worcester-Lawrence, MA-NH-ME-CT (C)","Boston-Cambridge-Newton, MA-NH"
18180,476,4760,4760,"Boston-Worcester-Lawrence, MA-NH-ME-CT (C)","Concord, NH"
31700,476,4760,4760,"Boston-Worcester-Lawrence, MA-NH-ME-CT (C)","Manchester-Nashua, NH"
15340,480,4800,,"Mansfield, OH","Bucyrus, OH"
31900,480,4800,,"Mansfield, OH","Mansfield, OH"
32580,488,4880,,"McAllen-Edinburg-Mission, TX","McAllen-Edinburg-Mission, TX"
32780,489,4890,,"Medford-Ashland, OR","Medford, OR"
37340,490,4900,,"Melbourne-Titusville-Palm Bay, FL","Palm Bay-Melbourne-Titusville, FL"
32820,492,4920,,"Memphis, TN-AR-MS","Memphis, TN-MS-AR"
32900,494,4940,,"Merced, CA","Merced, CA"
33100,500,5000,5000,"Miami, FL (P)","Miami-Fort Lauderdale-West Palm Beach, FL"
33340,508,5082,5080,"Milwaukee-Racine, WI (C)","Milwaukee-Waukesha-West Allis, WI"
33460,512,5120,,"Minneapolis-St. Paul, MN-WI","Minneapolis-St. Paul-Bloomington, MN-WI"
33540,514,5140,,"Missoula, MT","Missoula, MT"
19300,516,5160,,"Mobile, AL","Daphne-Fairhope-Foley, AL"
33660,516,5160,,"Mobile, AL","Mobile, AL"
33700,517,5170,,"Modesto, CA","Modesto, CA"
35620,519,5190,5190,"Monmouth-Ocean, NJ (P)","New York-Newark-Jersey City, NY-NJ-PA"
33740,520,5200,,"Monroe, LA","Monroe, LA"
33860,524,5240,,"Montgomery, AL","Montgomery, AL"
34620,528,5280,,"Muncie, IN","Muncie, IN"
34820,533,5330,,"Myrtle Beach, SC","Myrtle Beach-Conway-North Myrtle Beach, SC-NC"
34940,534,5345,,"Naples, FL","Naples-Immokalee-Marco Island, FL"
31700,535,5350,5350,"Boston-Worcester-Lawrence, MA-NH-ME-CT (C)","Manchester-Nashua, NH"
34980,536,5360,,"Nashville, TN","Nashville-Davidson--Murfreesboro--Franklin, TN"
14460,540,5400,5400,"Boston-Worcester-Lawrence, MA-NH-ME-CT (C)","Boston-Cambridge-Newton, MA-NH"
39300,540,5400,5400,"Boston-Worcester-Lawrence, MA-NH-ME-CT (C)","Providence-Warwick, RI-MA"
25540,548,5480,5480,"New Haven-Meriden, CT (P)","Hartford-West Hartford-East Hartford, CT"
35300,548,5480,5480,"New Haven-Meriden, CT (P)","New Haven-Milford, CT"
25540,552,5520,,"New London-Norwich, CT-RI","Hartford-West Hartford-East Hartford, CT"
35980,552,5520,,"New London-Norwich, CT-RI","Norwich-New London, CT"
39300,552,5520,,"New London-Norwich, CT-RI","Providence-Warwick, RI-MA"
48740,552,5520,,"New London-Norwich, CT-RI","48740"
35380,556,5560,,"New Orleans, LA","New Orleans-Metairie, LA"
,556,5560,,"New Orleans, LA",""
10900,560,5602,5640,"New York, Northern New Jersey, Long Island, NY-NJ-CT-PA (C)","Allentown-Bethlehem-Easton, PA-NJ"
35620,560,5602,875,"New York, Northern New Jersey, Long Island, NY-NJ-CT-PA (C)","New York-Newark-Jersey City, NY-NJ-PA"
35620,560,5602,3640,"New York, Northern New Jersey, Long Island, NY-NJ-CT-PA (C)","New York-Newark-Jersey City, NY-NJ-PA"
35620,560,5602,5015,"New York, Northern New Jersey, Long Island, NY-NJ-CT-PA (C)","New York-Newark-Jersey City, NY-NJ-PA"
35620,560,5602,5600,"New York, Northern New Jersey, Long Island, NY-NJ-CT-PA (C)","New York-Newark-Jersey City, NY-NJ-PA"
35620,560,5602,5640,"New York, Northern New Jersey, Long Island, NY-NJ-CT-PA (C)","New York-Newark-Jersey City, NY-NJ-PA"
35620,560,5602,5380,"New York, Northern New Jersey, Long Island, NY-NJ-CT-PA (C)","New York-Newark-Jersey City, NY-NJ-PA"
35620,566,5660,5660,"Newburgh, NY-PA (P)","New York-Newark-Jersey City, NY-NJ-PA"
39100,566,5660,5660,"Newburgh, NY-PA (P)","39100"
47260,572,5720,,"Norfolk-Virginia Beach-Newport News, VA-","Virginia Beach-Norfolk-Newport News, VA-NC"
36100,579,5790,,"Ocala, FL","Ocala, FL"
33260,580,5800,,"Odessa-Midland, TX","Midland, TX"
36220,580,5800,,"Odessa-Midland, TX","Odessa, TX"
36420,588,5880,,"Oklahoma City, OK","Oklahoma City, OK"
43060,588,5880,,"Oklahoma City, OK","Shawnee, OK"
36500,591,5910,5910,"Olympia, WA (P)","Olympia-Tumwater, WA"
36540,592,5920,,"Omaha, NE-IA","Omaha-Council Bluffs, NE-IA"
36740,596,5960,,"Orlando, FL","Orlando-Kissimmee-Sanford, FL"
36980,599,5990,,"Owensboro, KY","Owensboro, KY"
37460,601,6015,,"Panama City, FL","Panama City, FL"
37620,602,6020,,"Parkersburg-Marietta, WV-OH","Parkersburg-Vienna, WV"
37860,608,6080,,"Pensacola, FL","Pensacola-Ferry Pass-Brent, FL"
37900,612,6120,,"Peoria-Pekin, IL","Peoria, IL"
37980,616,6162,6160,"Philadelphia-Wilmington-Atlantic City, PA-NJ-DE-MD (C)","Philadelphia-Camden-Wilmington, PA-NJ-DE-MD"
38060,620,6200,,"Phoenix-Mesa, AZ","Phoenix-Mesa-Scottsdale, AZ"
38220,624,6240,,"Pine Bluff, AR","Pine Bluff, AR"
38300,628,6280,,"Pittsburgh, PA","Pittsburgh, PA"
38340,632,6320,,"Pittsfield, MA","Pittsfield, MA"
38540,634,6340,,"Pocatello, ID","Pocatello, ID"
38860,640,6400,,"Portland, ME","Portland-South Portland, ME"
38900,644,6442,6440,"Portland-Salem, OR-WA (C)","Portland-Vancouver-Hillsboro, OR-WA"
14460,645,6450,6450,"Boston-Worcester-Lawrence, MA-NH-ME-CT (C)","Boston-Cambridge-Newton, MA-NH"
38860,645,6450,6450,"Boston-Worcester-Lawrence, MA-NH-ME-CT (C)","Portland-South Portland, ME"
39300,648,6480,,"Providence-Fall River-Warwick, RI-MA","Providence-Warwick, RI-MA"
39340,652,6520,,"Provo-Orem, UT","Provo-Orem, UT"
39380,656,6560,,"Pueblo, CO","Pueblo, CO"
39460,658,6580,,"Punta Gorda, FL","Punta Gorda, FL"
39540,660,6600,6600,"Racine, WI (P)","Racine, WI"
20500,664,6640,,"Raleigh-Durham-Chapel Hill, NC","Durham-Chapel Hill, NC"
39580,664,6640,,"Raleigh-Durham-Chapel Hill, NC","Raleigh, NC"
39660,666,6660,,"Rapid City, SD","Rapid City, SD"
39740,668,6680,,"Reading, PA","Reading, PA"
39820,669,6690,,"Redding, CA","Redding, CA"
39900,672,6720,,"Reno, NV","Reno, NV"
28420,674,6740,,"Richland-Kennewick-Pasco, WA","Kennewick-Richland, WA"
40060,676,6760,,"Richmond-Petersburg, VA","Richmond, VA"
40140,678,6780,6780,"Riverside-San Bernardino, CA (P)","Riverside-San Bernardino-Ontario, CA"
40220,680,6800,,"Roanoke, VA","Roanoke, VA"
40340,682,6820,,"Rochester, MN","Rochester, MN"
12860,684,6840,,"Rochester, NY","Batavia, NY"
40380,684,6840,,"Rochester, NY","Rochester, NY"
40300,688,6880,,"Rockford, IL","Rochelle, IL"
40420,688,6880,,"Rockford, IL","Rockford, IL"
40580,689,6895,,"Rocky Mount, NC","Rocky Mount, NC"
40900,692,6922,6920,"Sacramento-Yolo, CA (C)","Sacramento--Roseville--Arden-Arcade, CA"
13020,696,6960,,"Saginaw-Bay City-Midland, MI","Bay City, MI"
33220,696,6960,,"Saginaw-Bay City-Midland, MI","Midland, MI"
40980,696,6960,,"Saginaw-Bay City-Midland, MI","Saginaw, MI"
41060,698,6980,,"St. Cloud, MN","St. Cloud, MN"
41140,700,7000,,"St. Joseph, MO","St. Joseph, MO-KS"
41180,704,7040,,"St. Louis, MO-IL","St. Louis, MO-IL"
41420,708,7080,7080,"Salem, OR (P)","Salem, OR"
41500,712,7120,,"Salinas, CA","Salinas, CA"
36260,716,7160,,"Salt Lake City-Ogden, UT","Ogden-Clearfield, UT"
41620,716,7160,,"Salt Lake City-Ogden, UT","Salt Lake City, UT"
41660,720,7200,,"San Angelo, TX","San Angelo, TX"
41700,724,7240,,"San Antonio, TX","San Antonio-New Braunfels, TX"
41740,732,7320,,"San Diego, CA","San Diego-Carlsbad, CA"
34900,736,7362,8720,"San Francisco-Oakland-San Jose, CA (C)","Napa, CA"
41860,736,7362,5775,"San Francisco-Oakland-San Jose, CA (C)","San Francisco-Oakland-Hayward, CA"
41860,736,7362,7360,"San Francisco-Oakland-San Jose, CA (C)","San Francisco-Oakland-Hayward, CA"
46700,736,7362,8720,"San Francisco-Oakland-San Jose, CA (C)","Vallejo-Fairfield, CA"
41940,740,7400,7400,"San Jose, CA (P)","San Jose-Sunnyvale-Santa Clara, CA"
42020,746,7460,,"San Luis Obispo-Atascadero-Paso Robles, CA","San Luis Obispo-Paso Robles-Arroyo Grande, CA"
42060,747,7470,,"Santa Barbara-Santa Maria-Lompoc, CA","42060"
42100,748,7485,7485,"Santa Cruz-Watsonville, CA (P)","Santa Cruz-Watsonville, CA"
31060,749,7490,,"Santa Fe, NM","Los Alamos, NM"
42140,749,7490,,"Santa Fe, NM","Santa Fe, NM"
42220,750,7500,7500,"Santa Rosa, CA (P)","Santa Rosa, CA"
14600,751,7510,,"Sarasota-Bradenton, FL","14600"
42340,752,7520,,"Savannah, GA","Savannah, GA"
14100,756,7560,,"Scranton--Wilkes-Barre--Hazleton, PA","Bloomsburg-Berwick, PA"
42540,756,7560,,"Scranton--Wilkes-Barre--Hazleton, PA","Scranton--Wilkes-Barre--Hazleton, PA"
36020,760,7602,7600,"Seattle-Tacoma-Bremerton, WA (C)","Oak Harbor, WA"
42660,760,7602,7600,"Seattle-Tacoma-Bremerton, WA (C)","Seattle-Tacoma-Bellevue, WA"
49660,761,7610,,"Sharon, PA","Youngstown-Warren-Boardman, OH-PA"
43100,762,7620,,"Sheboygan, WI","Sheboygan, WI"
43300,764,7640,,"Sherman-Denison, TX","Sherman-Denison, TX"
33380,768,7680,,"Shreveport-Bossier City, LA","33380"
43340,768,7680,,"Shreveport-Bossier City, LA","Shreveport-Bossier City, LA"
43580,772,7720,,"Sioux City, IA-NE","Sioux City, IA-NE-SD"
43620,776,7760,,"Sioux Falls, SD","Sioux Falls, SD"
43780,780,7800,,"South Bend, IN","South Bend-Mishawaka, IN-MI"
44060,784,7840,,"Spokane, WA","Spokane-Spokane Valley, WA"
44100,788,7880,,"Springfield, IL","Springfield, IL"
44180,792,7920,,"Springfield, MO","Springfield, MO"
44140,800,8000,,"Springfield, MA","Springfield, MA"
14860,804,8040,8040,"Stamford-Norwalk, CT (P)","Bridgeport-Stamford-Norwalk, CT"
44300,805,8050,,"State College, PA","State College, PA"
48260,808,8080,,"Steubenville-Weirton, OH-WV","Weirton-Steubenville, WV-OH"
44700,812,8120,,"Stockton-Lodi, CA","Stockton-Lodi, CA"
44940,814,8140,,"Sumter, SC","Sumter, SC"
12180,816,8160,,"Syracuse, NY","Auburn, NY"
45060,816,8160,,"Syracuse, NY","Syracuse, NY"
42660,820,8200,8200,"Tacoma, WA (P)","Seattle-Tacoma-Bellevue, WA"
45220,824,8240,,"Tallahassee, FL","Tallahassee, FL"
45300,828,8280,,"Tampa-St. Petersburg-Clearwater, FL","Tampa-St. Petersburg-Clearwater, FL"
45460,832,8320,,"Terre Haute, IN","Terre Haute, IN"
45500,836,8360,,"Texarkana, TX-Texarkana, AR","Texarkana, TX-AR"
45780,840,8400,,"Toledo, OH","Toledo, OH"
45820,844,8440,,"Topeka, KS","Topeka, KS"
45940,848,8480,8480,"Trenton, NJ (P)","Trenton, NJ"
46060,852,8520,,"Tucson, AZ","Tucson, AZ"
46140,856,8560,,"Tulsa, OK","Tulsa, OK"
46220,860,8600,,"Tuscaloosa, AL","Tuscaloosa, AL"
46340,864,8640,,"Tyler, TX","Tyler, TX"
46540,868,8680,,"Utica-Rome, NY","Utica-Rome, NY"
37100,873,8735,8735,"Ventura, CA (P)","Oxnard-Thousand Oaks-Ventura, CA"
47020,875,8750,,"Victoria, TX","Victoria, TX"
47220,876,8760,8760,"Vineland-Millville-Bridgeton, NJ (P)","Vineland-Bridgeton, NJ"
47300,878,8780,,"Visalia-Tulare-Porterville, CA","Visalia-Porterville, CA"
47380,880,8800,,"Waco, TX","Waco, TX"
19020,884,8840,8840,"Washington-Baltimore, DC-MD-VA-WV (C)","19020"
25180,884,8840,8840,"Washington-Baltimore, DC-MD-VA-WV (C)","Hagerstown-Martinsburg, MD-WV"
47900,884,8840,8840,"Washington-Baltimore, DC-MD-VA-WV (C)","Washington-Arlington-Alexandria, DC-VA-MD-WV"
,884,8840,8840,"Washington-Baltimore, DC-MD-VA-WV (C)",""
35300,888,8880,8880,"Waterbury, CT (P)","New Haven-Milford, CT"
45860,888,8880,8880,"Waterbury, CT (P)","Torrington, CT"
47940,892,8920,,"Waterloo-Cedar Falls, IA","Waterloo-Cedar Falls, IA"
48140,894,8940,,"Wausau, WI","Wausau, WI"
33100,896,8960,,"West Palm Beach-Boca Raton, FL","Miami-Fort Lauderdale-West Palm Beach, FL"
48540,900,9000,,"Wheeling, WV-OH","Wheeling, WV-OH"
48620,904,9040,,"Wichita, KS","Wichita, KS"
48660,908,9080,,"Wichita Falls, TX","Wichita Falls, TX"
48700,914,9140,,"Williamsport, PA","Williamsport, PA"
37980,916,9160,9160,"Wilmington-Newark, DE-MD (P)","Philadelphia-Camden-Wilmington, PA-NJ-DE-MD"
48900,920,9200,,"Wilmington, NC","Wilmington, NC"
44140,924,9240,9240,"Boston-Worcester-Lawrence, MA-NH-ME-CT (C)","Springfield, MA"
48740,924,9240,9240,"Boston-Worcester-Lawrence, MA-NH-ME-CT (C)","48740"
49340,924,9240,9240,"Boston-Worcester-Lawrence, MA-NH-ME-CT (C)","Worcester, MA-CT"
49420,926,9260,,"Yakima, WA","Yakima, WA"
40900,927,9270,9270,"Yolo, CA (P)","Sacramento--Roseville--Arden-Arcade, CA"
49620,928,9280,,"York, PA","York-Hanover, PA"
20620,932,9320,,"Youngstown-Warren, OH","20620"
49660,932,9320,,"Youngstown-Warren, OH","Youngstown-Warren-Boardman, OH-PA"
49700,934,9340,,"Yuba City, CA","Yuba City, CA"
49740,936,9360,,"Yuma, AZ","Yuma, AZ"
10020,,,,"Non-metro","10020"
10100,,,,"Non-metro","Aberdeen, SD"
10140,,,,"Non-metro","Aberdeen, WA"
10180,,,,"Non-metro","Abilene, TX"
10220,,,,"Non-metro","Ada, OK"
10460,,,,"Non-metro","Alamogordo, NM"
10500,,,,"Non-metro","Albany, GA"
10540,,,,"Non-metro","Albany, OR"
10620,,,,"Non-metro","Albemarle, NC"
10660,,,,"Non-metro","Albert Lea, MN"
10700,,,,"Non-metro","Albertville, AL"
10740,,,,"Non-metro","Albuquerque, NM"
10760,,,,"Non-metro","10760"
10780,,,,"Non-metro","Alexandria, LA"
10820,,,,"Non-metro","Alexandria, MN"
10860,,,,"Non-metro","Alice, TX"
10940,,,,"Non-metro","Alma, MI"
10980,,,,"Non-metro","Alpena, MI"
11060,,,,"Non-metro","Altus, OK"
11100,,,,"Non-metro","Amarillo, TX"
11140,,,,"Non-metro","Americus, GA"
11180,,,,"Non-metro","Ames, IA"
11260,,,,"Non-metro","Anchorage, AK"
11380,,,,"Non-metro","Andrews, TX"
11420,,,,"Non-metro","Angola, IN"
11580,,,,"Non-metro","Arcadia, FL"
11620,,,,"Non-metro","Ardmore, OK"
11660,,,,"Non-metro","Arkadelphia, AR"
11700,,,,"Non-metro","Asheville, NC"
11740,,,,"Non-metro","Ashland, OH"
11820,,,,"Non-metro","Astoria, OR"
11860,,,,"Non-metro","Atchison, KS"
11900,,,,"Non-metro","Athens, OH"
11940,,,,"Non-metro","Athens, TN"
12020,,,,"Non-metro","Athens-Clarke County, GA"
12060,,,,"Non-metro","Atlanta-Sandy Springs-Roswell, GA"
12260,,,,"Non-metro","Augusta-Richmond County, GA-SC"
12300,,,,"Non-metro","Augusta-Waterville, ME"
12380,,,,"Non-metro","Austin, MN"
12460,,,,"Non-metro","Bainbridge, GA"
12620,,,,"Non-metro","Bangor, ME"
12660,,,,"Non-metro","Baraboo, WI"
12700,,,,"Non-metro","Barnstable Town, MA"
12740,,,,"Non-metro","Barre, VT"
12780,,,,"Non-metro","Bartlesville, OK"
12820,,,,"Non-metro","Bastrop, LA"
12900,,,,"Non-metro","Batesville, AR"
12940,,,,"Non-metro","Baton Rouge, LA"
13060,,,,"Non-metro","Bay City, TX"
13100,,,,"Non-metro","Beatrice, NE"
13180,,,,"Non-metro","Beaver Dam, WI"
13220,,,,"Non-metro","Beckley, WV"
13260,,,,"Non-metro","Bedford, IN"
13300,,,,"Non-metro","Beeville, TX"
13340,,,,"Non-metro","Bellefontaine, OH"
13420,,,,"Non-metro","Bemidji, MN"
13460,,,,"Non-metro","Bend-Redmond, OR"
13500,,,,"Non-metro","Bennettsville, SC"
13540,,,,"Non-metro","Bennington, VT"
13620,,,,"Non-metro","Berlin, NH-VT"
13660,,,,"Non-metro","Big Rapids, MI"
13700,,,,"Non-metro","Big Spring, TX"
13740,,,,"Non-metro","Billings, MT"
13820,,,,"Non-metro","Birmingham-Hoover, AL"
13860,,,,"Non-metro","13860"
13940,,,,"Non-metro","Blackfoot, ID"
13980,,,,"Non-metro","Blacksburg-Christiansburg-Radford, VA"
14020,,,,"Non-metro","Bloomington, IN"
14100,,,,"Non-metro","Bloomsburg-Berwick, PA"
14140,,,,"Non-metro","Bluefield, WV-VA"
14180,,,,"Non-metro","Blytheville, AR"
14220,,,,"Non-metro","Bogalusa, LA"
14260,,,,"Non-metro","Boise City, ID"
14300,,,,"Non-metro","14300"
14340,,,,"Non-metro","Boone, IA"
14380,,,,"Non-metro","Boone, NC"
14420,,,,"Non-metro","Borger, TX"
14460,,,,"Non-metro","Boston-Cambridge-Newton, MA-NH"
14540,,,,"Non-metro","Bowling Green, KY"
14580,,,,"Non-metro","Bozeman, MT"
14620,,,,"Non-metro","Bradford, PA"
14660,,,,"Non-metro","Brainerd, MN"
14700,,,,"Non-metro","Branson, MO"
14780,,,,"Non-metro","Brenham, TX"
14820,,,,"Non-metro","Brevard, NC"
14940,,,,"Non-metro","14940"
15020,,,,"Non-metro","Brookhaven, MS"
15060,,,,"Non-metro","Brookings, OR"
15100,,,,"Non-metro","Brookings, SD"
15140,,,,"Non-metro","15140"
15220,,,,"Non-metro","Brownwood, TX"
15260,,,,"Non-metro","Brunswick, GA"
15420,,,,"Non-metro","Burley, ID"
15460,,,,"Non-metro","Burlington, IA-IL"
15540,,,,"Non-metro","Burlington-South Burlington, VT"
15580,,,,"Non-metro","Butte-Silver Bow, MT"
15620,,,,"Non-metro","Cadillac, MI"
15660,,,,"Non-metro","Calhoun, GA"
15700,,,,"Non-metro","Cambridge, MD"
15740,,,,"Non-metro","Cambridge, OH"
15780,,,,"Non-metro","Camden, AR"
15820,,,,"Non-metro","Campbellsville, KY"
15860,,,,"Non-metro","Cañon City, CO"
15900,,,,"Non-metro","Canton, IL"
16020,,,,"Non-metro","Cape Girardeau, MO-IL"
16060,,,,"Non-metro","Carbondale-Marion, IL"
16100,,,,"Non-metro","Carlsbad-Artesia, NM"
16180,,,,"Non-metro","Carson City, NV"
16260,,,,"Non-metro","Cedar City, UT"
16300,,,,"Non-metro","Cedar Rapids, IA"
16340,,,,"Non-metro","Cedartown, GA"
16380,,,,"Non-metro","Celina, OH"
16420,,,,"Non-metro","16420"
16460,,,,"Non-metro","Centralia, IL"
16500,,,,"Non-metro","Centralia, WA"
16540,,,,"Non-metro","Chambersburg-Waynesboro, PA"
16580,,,,"Non-metro","Champaign-Urbana, IL"
16620,,,,"Non-metro","Charleston, WV"
16660,,,,"Non-metro","Charleston-Mattoon, IL"
16740,,,,"Non-metro","Charlotte-Concord-Gastonia, NC-SC"
16820,,,,"Non-metro","Charlottesville, VA"
16860,,,,"Non-metro","Chattanooga, TN-GA"
16900,,,,"Non-metro","16900"
16980,,,,"Non-metro","Chicago-Naperville-Elgin, IL-IN-WI"
17060,,,,"Non-metro","Chillicothe, OH"
17140,,,,"Non-metro","Cincinnati, OH-KY-IN"
17200,,,,"Non-metro","Claremont-Lebanon, NH-VT"
17220,,,,"Non-metro","Clarksburg, WV"
17260,,,,"Non-metro","Clarksdale, MS"
17300,,,,"Non-metro","Clarksville, TN-KY"
17340,,,,"Non-metro","Clearlake, CA"
17380,,,,"Non-metro","Cleveland, MS"
17420,,,,"Non-metro","Cleveland, TN"
17500,,,,"Non-metro","Clewiston, FL"
17540,,,,"Non-metro","Clinton, IA"
17580,,,,"Non-metro","Clovis, NM"
17660,,,,"Non-metro","Coeur dAlene, ID"
17700,,,,"Non-metro","Coffeyville, KS"
17740,,,,"Non-metro","Coldwater, MI"
17780,,,,"Non-metro","College Station-Bryan, TX"
17820,,,,"Non-metro","Colorado Springs, CO"
17860,,,,"Non-metro","Columbia, MO"
17900,,,,"Non-metro","Columbia, SC"
17940,,,,"Non-metro","17940"
17980,,,,"Non-metro","Columbus, GA-AL"
18020,,,,"Non-metro","Columbus, IN"
18060,,,,"Non-metro","Columbus, MS"
18100,,,,"Non-metro","Columbus, NE"
18140,,,,"Non-metro","Columbus, OH"
18180,,,,"Non-metro","Concord, NH"
18220,,,,"Non-metro","Connersville, IN"
18260,,,,"Non-metro","Cookeville, TN"
18300,,,,"Non-metro","Coos Bay, OR"
18340,,,,"Non-metro","18340"
18380,,,,"Non-metro","Cordele, GA"
18420,,,,"Non-metro","Corinth, MS"
18460,,,,"Non-metro","Cornelia, GA"
18500,,,,"Non-metro","Corning, NY"
18580,,,,"Non-metro","Corpus Christi, TX"
18620,,,,"Non-metro","Corsicana, TX"
18660,,,,"Non-metro","Cortland, NY"
18740,,,,"Non-metro","Coshocton, OH"
18820,,,,"Non-metro","Crawfordsville, IN"
18860,,,,"Non-metro","Crescent City, CA"
18900,,,,"Non-metro","Crossville, TN"
18980,,,,"Non-metro","Cullman, AL"
19100,,,,"Non-metro","Dallas-Fort Worth-Arlington, TX"
19140,,,,"Non-metro","Dalton, GA"
19180,,,,"Non-metro","Danville, IL"
19220,,,,"Non-metro","Danville, KY"
19340,,,,"Non-metro","Davenport-Moline-Rock Island, IA-IL"
19380,,,,"Non-metro","Dayton, OH"
19580,,,,"Non-metro","Defiance, OH"
19620,,,,"Non-metro","Del Rio, TX"
19700,,,,"Non-metro","Deming, NM"
19740,,,,"Non-metro","Denver-Aurora-Lakewood, CO"
19760,,,,"Non-metro","DeRidder, LA"
19780,,,,"Non-metro","Des Moines-West Des Moines, IA"
19860,,,,"Non-metro","Dickinson, ND"
19900,,,,"Non-metro","19900"
19940,,,,"Non-metro","Dixon, IL"
19980,,,,"Non-metro","Dodge City, KS"
20020,,,,"Non-metro","Dothan, AL"
20060,,,,"Non-metro","Douglas, GA"
20140,,,,"Non-metro","Dublin, GA"
20180,,,,"Non-metro","DuBois, PA"
20260,,,,"Non-metro","Duluth, MN-WI"
20300,,,,"Non-metro","Dumas, TX"
20340,,,,"Non-metro","Duncan, OK"
20380,,,,"Non-metro","Dunn, NC"
20420,,,,"Non-metro","Durango, CO"
20460,,,,"Non-metro","Durant, OK"
20500,,,,"Non-metro","Durham-Chapel Hill, NC"
20540,,,,"Non-metro","Dyersburg, TN"
20580,,,,"Non-metro","Eagle Pass, TX"
20660,,,,"Non-metro","Easton, MD"
20700,,,,"Non-metro","East Stroudsburg, PA"
20780,,,,"Non-metro","Edwards, CO"
20820,,,,"Non-metro","Effingham, IL"
20900,,,,"Non-metro","El Campo, TX"
20940,,,,"Non-metro","El Centro, CA"
20980,,,,"Non-metro","El Dorado, AR"
21020,,,,"Non-metro","Elizabeth City, NC"
21060,,,,"Non-metro","Elizabethtown-Fort Knox, KY"
21120,,,,"Non-metro","Elk City, OK"
21220,,,,"Non-metro","Elko, NV"
21260,,,,"Non-metro","Ellensburg, WA"
21380,,,,"Non-metro","Emporia, KS"
21460,,,,"Non-metro","Enterprise, AL"
21540,,,,"Non-metro","Escanaba, MI"
21580,,,,"Non-metro","Española, NM"
21640,,,,"Non-metro","21640"
21700,,,,"Non-metro","Eureka-Arcata-Fortuna, CA"
21740,,,,"Non-metro","Evanston, WY"
21780,,,,"Non-metro","Evansville, IN-KY"
21820,,,,"Non-metro","Fairbanks, AK"
21860,,,,"Non-metro","21860"
21900,,,,"Non-metro","Fairmont, WV"
21980,,,,"Non-metro","Fallon, NV"
22060,,,,"Non-metro","Faribault-Northfield, MN"
22100,,,,"Non-metro","Farmington, MO"
22140,,,,"Non-metro","Farmington, NM"
22180,,,,"Non-metro","Fayetteville, NC"
22220,,,,"Non-metro","Fayetteville-Springdale-Rogers, AR-MO"
22260,,,,"Non-metro","Fergus Falls, MN"
22280,,,,"Non-metro","Fernley, NV"
22300,,,,"Non-metro","Findlay, OH"
22340,,,,"Non-metro","Fitzgerald, GA"
22500,,,,"Non-metro","Florence, SC"
22540,,,,"Non-metro","Fond du Lac, WI"
22580,,,,"Non-metro","Forest City, NC"
22620,,,,"Non-metro","Forrest City, AR"
22700,,,,"Non-metro","Fort Dodge, IA"
22780,,,,"Non-metro","Fort Leonard Wood, MO"
22800,,,,"Non-metro","Fort Madison-Keokuk, IA-IL-MO"
22820,,,,"Non-metro","Fort Morgan, CO"
22840,,,,"Non-metro","22840"
22860,,,,"Non-metro","Fort Polk South, LA"
22900,,,,"Non-metro","Fort Smith, AR-OK"
23180,,,,"Non-metro","Frankfort, KY"
23240,,,,"Non-metro","Fredericksburg, TX"
23300,,,,"Non-metro","Freeport, IL"
23340,,,,"Non-metro","Fremont, NE"
23380,,,,"Non-metro","Fremont, OH"
23540,,,,"Non-metro","Gainesville, FL"
23580,,,,"Non-metro","Gainesville, GA"
23620,,,,"Non-metro","Gainesville, TX"
23660,,,,"Non-metro","Galesburg, IL"
23700,,,,"Non-metro","Gallup, NM"
23780,,,,"Non-metro","Garden City, KS"
23820,,,,"Non-metro","Gardnerville Ranchos, NV"
23860,,,,"Non-metro","Georgetown, SC"
23900,,,,"Non-metro","Gettysburg, PA"
23940,,,,"Non-metro","Gillette, WY"
23980,,,,"Non-metro","Glasgow, KY"
24100,,,,"Non-metro","Gloversville, NY"
24180,,,,"Non-metro","24180"
24260,,,,"Non-metro","Grand Island, NE"
24340,,,,"Non-metro","Grand Rapids-Wyoming, MI"
24380,,,,"Non-metro","Grants, NM"
24420,,,,"Non-metro","Grants Pass, OR"
24460,,,,"Non-metro","Great Bend, KS"
24580,,,,"Non-metro","Green Bay, WI"
24620,,,,"Non-metro","Greeneville, TN"
24660,,,,"Non-metro","Greensboro-High Point, NC"
24700,,,,"Non-metro","Greensburg, IN"
24740,,,,"Non-metro","Greenville, MS"
24780,,,,"Non-metro","Greenville, NC"
24820,,,,"Non-metro","Greenville, OH"
24860,,,,"Non-metro","Greenville-Anderson-Mauldin, SC"
24900,,,,"Non-metro","Greenwood, MS"
24940,,,,"Non-metro","Greenwood, SC"
24980,,,,"Non-metro","Grenada, MS"
25060,,,,"Non-metro","Gulfport-Biloxi-Pascagoula, MS"
25100,,,,"Non-metro","Guymon, OK"
25180,,,,"Non-metro","Hagerstown-Martinsburg, MD-WV"
25220,,,,"Non-metro","Hammond, LA"
25260,,,,"Non-metro","Hanford-Corcoran, CA"
25300,,,,"Non-metro","Hannibal, MO"
25340,,,,"Non-metro","25340"
25380,,,,"Non-metro","25380"
25460,,,,"Non-metro","Harrison, AR"
25500,,,,"Non-metro","Harrisonburg, VA"
25540,,,,"Non-metro","Hartford-West Hartford-East Hartford, CT"
25580,,,,"Non-metro","Hastings, NE"
25620,,,,"Non-metro","Hattiesburg, MS"
25660,,,,"Non-metro","25660"
25700,,,,"Non-metro","Hays, KS"
25720,,,,"Non-metro","Heber, UT"
25740,,,,"Non-metro","Helena, MT"
25760,,,,"Non-metro","Helena-West Helena, AR"
25780,,,,"Non-metro","Henderson, NC"
25820,,,,"Non-metro","Hereford, TX"
25900,,,,"Non-metro","Hilo, HI"
25940,,,,"Non-metro","Hilton Head Island-Bluffton-Beaufort, SC"
25980,,,,"Non-metro","Hinesville, GA"
26020,,,,"Non-metro","Hobbs, NM"
26140,,,,"Non-metro","Homosassa Springs, FL"
26220,,,,"Non-metro","Hood River, OR"
26260,,,,"Non-metro","26260"
26300,,,,"Non-metro","Hot Springs, AR"
26340,,,,"Non-metro","Houghton, MI"
26420,,,,"Non-metro","Houston-The Woodlands-Sugar Land, TX"
26460,,,,"Non-metro","Hudson, NY"
26480,,,,"Non-metro","26480"
26500,,,,"Non-metro","Huntingdon, PA"
26660,,,,"Non-metro","Huntsville, TX"
26700,,,,"Non-metro","Huron, SD"
26740,,,,"Non-metro","Hutchinson, KS"
26780,,,,"Non-metro","Hutchinson, MN"
26820,,,,"Non-metro","Idaho Falls, ID"
26860,,,,"Non-metro","Indiana, PA"
26900,,,,"Non-metro","Indianapolis-Carmel-Anderson, IN"
26940,,,,"Non-metro","Indianola, MS"
26980,,,,"Non-metro","Iowa City, IA"
27020,,,,"Non-metro","Iron Mountain, MI-WI"
27060,,,,"Non-metro","Ithaca, NY"
27140,,,,"Non-metro","Jackson, MS"
27220,,,,"Non-metro","Jackson, WY-ID"
27260,,,,"Non-metro","Jacksonville, FL"
27300,,,,"Non-metro","Jacksonville, IL"
27380,,,,"Non-metro","Jacksonville, TX"
27420,,,,"Non-metro","Jamestown, ND"
27540,,,,"Non-metro","Jasper, IN"
27620,,,,"Non-metro","Jefferson City, MO"
27660,,,,"Non-metro","27660"
27700,,,,"Non-metro","Jesup, GA"
27860,,,,"Non-metro","Jonesboro, AR"
27940,,,,"Non-metro","Juneau, AK"
27980,,,,"Non-metro","Kahului-Wailuku-Lahaina, HI"
28060,,,,"Non-metro","Kalispell, MT"
28140,,,,"Non-metro","Kansas City, MO-KS"
28180,,,,"Non-metro","Kapaa, HI"
28260,,,,"Non-metro","Kearney, NE"
28300,,,,"Non-metro","Keene, NH"
28340,,,,"Non-metro","Kendallville, IN"
28380,,,,"Non-metro","Kennett, MO"
28500,,,,"Non-metro","Kerrville, TX"
28540,,,,"Non-metro","Ketchikan, AK"
28580,,,,"Non-metro","Key West, FL"
28620,,,,"Non-metro","Kill Devil Hills, NC"
28660,,,,"Non-metro","Killeen-Temple, TX"
28740,,,,"Non-metro","Kingston, NY"
28780,,,,"Non-metro","Kingsville, TX"
28820,,,,"Non-metro","Kinston, NC"
28860,,,,"Non-metro","Kirksville, MO"
28900,,,,"Non-metro","Klamath Falls, OR"
28980,,,,"Non-metro","28980"
29060,,,,"Non-metro","Laconia, NH"
29140,,,,"Non-metro","29140"
29220,,,,"Non-metro","29220"
29260,,,,"Non-metro","La Grande, OR"
29300,,,,"Non-metro","LaGrange, GA"
29340,,,,"Non-metro","Lake Charles, LA"
29380,,,,"Non-metro","Lake City, FL"
29500,,,,"Non-metro","Lamesa, TX"
29580,,,,"Non-metro","29580"
29660,,,,"Non-metro","Laramie, WY"
29780,,,,"Non-metro","Las Vegas, NM"
29860,,,,"Non-metro","Laurel, MS"
29900,,,,"Non-metro","Laurinburg, NC"
29980,,,,"Non-metro","Lawrenceburg, TN"
30060,,,,"Non-metro","Lebanon, MO"
30100,,,,"Non-metro","30100"
30220,,,,"Non-metro","Levelland, TX"
30260,,,,"Non-metro","Lewisburg, PA"
30280,,,,"Non-metro","Lewisburg, TN"
30300,,,,"Non-metro","Lewiston, ID-WA"
30340,,,,"Non-metro","Lewiston-Auburn, ME"
30380,,,,"Non-metro","Lewistown, PA"
30420,,,,"Non-metro","Lexington, NE"
30500,,,,"Non-metro","30500"
30580,,,,"Non-metro","Liberal, KS"
30660,,,,"Non-metro","Lincoln, IL"
30700,,,,"Non-metro","Lincoln, NE"
30780,,,,"Non-metro","Little Rock-North Little Rock-Conway, AR"
30820,,,,"Non-metro","Lock Haven, PA"
30860,,,,"Non-metro","Logan, UT-ID"
30900,,,,"Non-metro","Logansport, IN"
30940,,,,"Non-metro","London, KY"
30980,,,,"Non-metro","Longview, TX"
31020,,,,"Non-metro","Longview, WA"
31140,,,,"Non-metro","Louisville/Jefferson County, KY-IN"
31180,,,,"Non-metro","Lubbock, TX"
31260,,,,"Non-metro","Lufkin, TX"
31300,,,,"Non-metro","Lumberton, NC"
31340,,,,"Non-metro","Lynchburg, VA"
31380,,,,"Non-metro","Macomb, IL"
31420,,,,"Non-metro","Macon, GA"
31500,,,,"Non-metro","Madison, IN"
31540,,,,"Non-metro","Madison, WI"
31580,,,,"Non-metro","Madisonville, KY"
31620,,,,"Non-metro","Magnolia, AR"
31660,,,,"Non-metro","Malone, NY"
31700,,,,"Non-metro","Manchester-Nashua, NH"
31740,,,,"Non-metro","Manhattan, KS"
31820,,,,"Non-metro","Manitowoc, WI"
31860,,,,"Non-metro","Mankato-North Mankato, MN"
31940,,,,"Non-metro","Marinette, WI-MI"
31980,,,,"Non-metro","Marion, IN"
32020,,,,"Non-metro","Marion, OH"
32060,,,,"Non-metro","32060"
32100,,,,"Non-metro","Marquette, MI"
32140,,,,"Non-metro","Marshall, MN"
32180,,,,"Non-metro","Marshall, MO"
32260,,,,"Non-metro","Marshalltown, IA"
32270,,,,"Non-metro","32270"
32280,,,,"Non-metro","Martin, TN"
32300,,,,"Non-metro","Martinsville, VA"
32340,,,,"Non-metro","Maryville, MO"
32380,,,,"Non-metro","Mason City, IA"
32460,,,,"Non-metro","Mayfield, KY"
32500,,,,"Non-metro","Maysville, KY"
32540,,,,"Non-metro","McAlester, OK"
32620,,,,"Non-metro","McComb, MS"
32660,,,,"Non-metro","McMinnville, TN"
32700,,,,"Non-metro","McPherson, KS"
32740,,,,"Non-metro","Meadville, PA"
32820,,,,"Non-metro","Memphis, TN-MS-AR"
32860,,,,"Non-metro","Menomonie, WI"
32940,,,,"Non-metro","Meridian, MS"
32980,,,,"Non-metro","Merrill, WI"
33020,,,,"Non-metro","Mexico, MO"
33060,,,,"Non-metro","Miami, OK"
33140,,,,"Non-metro","Michigan City-La Porte, IN"
33180,,,,"Non-metro","Middlesborough, KY"
33300,,,,"Non-metro","Milledgeville, GA"
33420,,,,"Non-metro","Mineral Wells, TX"
33500,,,,"Non-metro","Minot, ND"
33580,,,,"Non-metro","Mitchell, SD"
33620,,,,"Non-metro","Moberly, MO"
33740,,,,"Non-metro","Monroe, LA"
33820,,,,"Non-metro","33820"
33860,,,,"Non-metro","Montgomery, AL"
33940,,,,"Non-metro","Montrose, CO"
33980,,,,"Non-metro","Morehead City, NC"
34020,,,,"Non-metro","Morgan City, LA"
34060,,,,"Non-metro","Morgantown, WV"
34100,,,,"Non-metro","Morristown, TN"
34140,,,,"Non-metro","Moscow, ID"
34180,,,,"Non-metro","Moses Lake, WA"
34220,,,,"Non-metro","Moultrie, GA"
34260,,,,"Non-metro","Mountain Home, AR"
34300,,,,"Non-metro","Mountain Home, ID"
34340,,,,"Non-metro","Mount Airy, NC"
34380,,,,"Non-metro","Mount Pleasant, MI"
34420,,,,"Non-metro","Mount Pleasant, TX"
34460,,,,"Non-metro","Mount Sterling, KY"
34500,,,,"Non-metro","Mount Vernon, IL"
34540,,,,"Non-metro","Mount Vernon, OH"
34580,,,,"Non-metro","Mount Vernon-Anacortes, WA"
34660,,,,"Non-metro","Murray, KY"
34700,,,,"Non-metro","Muscatine, IA"
34780,,,,"Non-metro","Muskogee, OK"
34860,,,,"Non-metro","Nacogdoches, TX"
34980,,,,"Non-metro","Nashville-Davidson--Murfreesboro--Franklin, TN"
35020,,,,"Non-metro","Natchez, MS-LA"
35060,,,,"Non-metro","Natchitoches, LA"
35100,,,,"Non-metro","New Bern, NC"
35140,,,,"Non-metro","Newberry, SC"
35220,,,,"Non-metro","New Castle, IN"
35260,,,,"Non-metro","New Castle, PA"
35340,,,,"Non-metro","35340"
35420,,,,"Non-metro","New Philadelphia-Dover, OH"
35460,,,,"Non-metro","Newport, TN"
35500,,,,"Non-metro","Newton, IA"
35580,,,,"Non-metro","New Ulm, MN"
35700,,,,"Non-metro","Nogales, AZ"
35740,,,,"Non-metro","Norfolk, NE"
35820,,,,"Non-metro","North Platte, NE"
35860,,,,"Non-metro","North Vernon, IN"
35900,,,,"Non-metro","North Wilkesboro, NC"
35940,,,,"Non-metro","Norwalk, OH"
35980,,,,"Non-metro","Norwich-New London, CT"
36060,,,,"Non-metro","36060"
36180,,,,"Non-metro","36180"
36260,,,,"Non-metro","Ogden-Clearfield, UT"
36300,,,,"Non-metro","Ogdensburg-Massena, NY"
36340,,,,"Non-metro","Oil City, PA"
36380,,,,"Non-metro","Okeechobee, FL"
36420,,,,"Non-metro","Oklahoma City, OK"
36460,,,,"Non-metro","Olean, NY"
36540,,,,"Non-metro","Omaha-Council Bluffs, NE-IA"
36580,,,,"Non-metro","Oneonta, NY"
36620,,,,"Non-metro","Ontario, OR-ID"
36700,,,,"Non-metro","Orangeburg, SC"
36820,,,,"Non-metro","Oskaloosa, IA"
36860,,,,"Non-metro","Ottawa-Peru, IL"
36900,,,,"Non-metro","Ottumwa, IA"
36940,,,,"Non-metro","Owatonna, MN"
36980,,,,"Non-metro","Owensboro, KY"
37020,,,,"Non-metro","Owosso, MI"
37060,,,,"Non-metro","Oxford, MS"
37140,,,,"Non-metro","Paducah, KY-IL"
37260,,,,"Non-metro","Palatka, FL"
37300,,,,"Non-metro","Palestine, TX"
37420,,,,"Non-metro","Pampa, TX"
37500,,,,"Non-metro","Paragould, AR"
37540,,,,"Non-metro","Paris, TN"
37580,,,,"Non-metro","Paris, TX"
37620,,,,"Non-metro","Parkersburg-Vienna, WV"
37660,,,,"Non-metro","Parsons, KS"
37700,,,,"Non-metro","37700"
37740,,,,"Non-metro","Payson, AZ"
37780,,,,"Non-metro","Pecos, TX"
37800,,,,"Non-metro","37800"
37820,,,,"Non-metro","37820"
37900,,,,"Non-metro","Peoria, IL"
37940,,,,"Non-metro","Peru, IN"
38020,,,,"Non-metro","38020"
38100,,,,"Non-metro","Picayune, MS"
38180,,,,"Non-metro","Pierre, SD"
38200,,,,"Non-metro","38200"
38220,,,,"Non-metro","Pine Bluff, AR"
38260,,,,"Non-metro","Pittsburg, KS"
38300,,,,"Non-metro","Pittsburgh, PA"
38340,,,,"Non-metro","Pittsfield, MA"
38380,,,,"Non-metro","Plainview, TX"
38420,,,,"Non-metro","Platteville, WI"
38460,,,,"Non-metro","Plattsburgh, NY"
38500,,,,"Non-metro","Plymouth, IN"
38540,,,,"Non-metro","Pocatello, ID"
38580,,,,"Non-metro","Point Pleasant, WV-OH"
38620,,,,"Non-metro","Ponca City, OK"
38700,,,,"Non-metro","Pontiac, IL"
38740,,,,"Non-metro","Poplar Bluff, MO"
38780,,,,"Non-metro","Portales, NM"
38820,,,,"Non-metro","Port Angeles, WA"
38860,,,,"Non-metro","Portland-South Portland, ME"
38900,,,,"Non-metro","Portland-Vancouver-Hillsboro, OR-WA"
39020,,,,"Non-metro","Portsmouth, OH"
39060,,,,"Non-metro","Pottsville, PA"
39140,,,,"Non-metro","Prescott, AZ"
39220,,,,"Non-metro","Price, UT"
39260,,,,"Non-metro","Prineville, OR"
39300,,,,"Non-metro","Providence-Warwick, RI-MA"
39340,,,,"Non-metro","Provo-Orem, UT"
39420,,,,"Non-metro","Pullman, WA"
39500,,,,"Non-metro","Quincy, IL-MO"
39660,,,,"Non-metro","Rapid City, SD"
39700,,,,"Non-metro","Raymondville, TX"
39780,,,,"Non-metro","Red Bluff, CA"
39860,,,,"Non-metro","Red Wing, MN"
39900,,,,"Non-metro","Reno, NV"
39940,,,,"Non-metro","Rexburg, ID"
39980,,,,"Non-metro","Richmond, IN"
40060,,,,"Non-metro","Richmond, VA"
40080,,,,"Non-metro","Richmond-Berea, KY"
40100,,,,"Non-metro","Rio Grande City, TX"
40180,,,,"Non-metro","Riverton, WY"
40220,,,,"Non-metro","Roanoke, VA"
40260,,,,"Non-metro","Roanoke Rapids, NC"
40340,,,,"Non-metro","Rochester, MN"
40460,,,,"Non-metro","Rockingham, NC"
40500,,,,"Non-metro","40500"
40540,,,,"Non-metro","Rock Springs, WY"
40620,,,,"Non-metro","Rolla, MO"
40660,,,,"Non-metro","Rome, GA"
40700,,,,"Non-metro","Roseburg, OR"
40740,,,,"Non-metro","Roswell, NM"
40760,,,,"Non-metro","40760"
40780,,,,"Non-metro","Russellville, AR"
40820,,,,"Non-metro","Ruston, LA"
40860,,,,"Non-metro","Rutland, VT"
40940,,,,"Non-metro","Safford, AZ"
41100,,,,"Non-metro","St. George, UT"
41140,,,,"Non-metro","St. Joseph, MO-KS"
41180,,,,"Non-metro","St. Louis, MO-IL"
41220,,,,"Non-metro","St. Marys, GA"
41260,,,,"Non-metro","41260"
41460,,,,"Non-metro","Salina, KS"
41540,,,,"Non-metro","Salisbury, MD-DE"
41620,,,,"Non-metro","Salt Lake City, UT"
41660,,,,"Non-metro","San Angelo, TX"
41700,,,,"Non-metro","San Antonio-New Braunfels, TX"
41780,,,,"Non-metro","Sandusky, OH"
41820,,,,"Non-metro","Sanford, NC"
41940,,,,"Non-metro","San Jose-Sunnyvale-Santa Clara, CA"
42300,,,,"Non-metro","Sault Ste. Marie, MI"
42380,,,,"Non-metro","Sayre, PA"
42420,,,,"Non-metro","Scottsbluff, NE"
42460,,,,"Non-metro","Scottsboro, AL"
42580,,,,"Non-metro","42580"
42620,,,,"Non-metro","Searcy, AR"
42680,,,,"Non-metro","Sebastian-Vero Beach, FL"
42700,,,,"Non-metro","Sebring, FL"
42740,,,,"Non-metro","Sedalia, MO"
42780,,,,"Non-metro","Selinsgrove, PA"
42820,,,,"Non-metro","Selma, AL"
42860,,,,"Non-metro","Seneca, SC"
42900,,,,"Non-metro","Seneca Falls, NY"
42980,,,,"Non-metro","Seymour, IN"
43140,,,,"Non-metro","Shelby, NC"
43180,,,,"Non-metro","Shelbyville, TN"
43220,,,,"Non-metro","Shelton, WA"
43260,,,,"Non-metro","Sheridan, WY"
43320,,,,"Non-metro","Show Low, AZ"
43340,,,,"Non-metro","Shreveport-Bossier City, LA"
43380,,,,"Non-metro","Sidney, OH"
43420,,,,"Non-metro","Sierra Vista-Douglas, AZ"
43460,,,,"Non-metro","Sikeston, MO"
43500,,,,"Non-metro","Silver City, NM"
43540,,,,"Non-metro","43540"
43580,,,,"Non-metro","Sioux City, IA-NE-SD"
43620,,,,"Non-metro","Sioux Falls, SD"
43660,,,,"Non-metro","Snyder, TX"
43700,,,,"Non-metro","Somerset, KY"
43780,,,,"Non-metro","South Bend-Mishawaka, IN-MI"
43860,,,,"Non-metro","43860"
43940,,,,"Non-metro","Spearfish, SD"
43980,,,,"Non-metro","Spencer, IA"
44020,,,,"Non-metro","Spirit Lake, IA"
44140,,,,"Non-metro","Springfield, MA"
44180,,,,"Non-metro","Springfield, MO"
44260,,,,"Non-metro","Starkville, MS"
44340,,,,"Non-metro","Statesboro, GA"
44380,,,,"Non-metro","44380"
44420,,,,"Non-metro","Staunton-Waynesboro, VA"
44500,,,,"Non-metro","Stephenville, TX"
44540,,,,"Non-metro","Sterling, CO"
44580,,,,"Non-metro","Sterling, IL"
44620,,,,"Non-metro","Stevens Point, WI"
44660,,,,"Non-metro","Stillwater, OK"
44740,,,,"Non-metro","Storm Lake, IA"
44780,,,,"Non-metro","Sturgis, MI"
44860,,,,"Non-metro","Sulphur Springs, TX"
44900,,,,"Non-metro","Summerville, GA"
44980,,,,"Non-metro","Sunbury, PA"
45000,,,,"Non-metro","Susanville, CA"
45020,,,,"Non-metro","Sweetwater, TX"
45140,,,,"Non-metro","Tahlequah, OK"
45180,,,,"Non-metro","Talladega-Sylacauga, AL"
45220,,,,"Non-metro","Tallahassee, FL"
45260,,,,"Non-metro","45260"
45340,,,,"Non-metro","Taos, NM"
45380,,,,"Non-metro","Taylorville, IL"
45460,,,,"Non-metro","Terre Haute, IN"
45520,,,,"Non-metro","The Dalles, OR"
45540,,,,"Non-metro","The Villages, FL"
45580,,,,"Non-metro","Thomaston, GA"
45620,,,,"Non-metro","Thomasville, GA"
45660,,,,"Non-metro","Tiffin, OH"
45700,,,,"Non-metro","Tifton, GA"
45740,,,,"Non-metro","Toccoa, GA"
45780,,,,"Non-metro","Toledo, OH"
45820,,,,"Non-metro","Topeka, KS"
45860,,,,"Non-metro","Torrington, CT"
45900,,,,"Non-metro","Traverse City, MI"
45980,,,,"Non-metro","Troy, AL"
46020,,,,"Non-metro","Truckee-Grass Valley, CA"
46100,,,,"Non-metro","Tullahoma-Manchester, TN"
46140,,,,"Non-metro","Tulsa, OK"
46180,,,,"Non-metro","Tupelo, MS"
46220,,,,"Non-metro","Tuscaloosa, AL"
46260,,,,"Non-metro","46260"
46300,,,,"Non-metro","Twin Falls, ID"
46380,,,,"Non-metro","Ukiah, CA"
46420,,,,"Non-metro","46420"
46460,,,,"Non-metro","Union City, TN-KY"
46500,,,,"Non-metro","Urbana, OH"
46620,,,,"Non-metro","Uvalde, TX"
46660,,,,"Non-metro","Valdosta, GA"
46740,,,,"Non-metro","Valley, AL"
46780,,,,"Non-metro","Van Wert, OH"
46820,,,,"Non-metro","Vermillion, SD"
46860,,,,"Non-metro","Vernal, UT"
46900,,,,"Non-metro","Vernon, TX"
46980,,,,"Non-metro","Vicksburg, MS"
47020,,,,"Non-metro","Victoria, TX"
47080,,,,"Non-metro","Vidalia, GA"
47180,,,,"Non-metro","Vincennes, IN"
47260,,,,"Non-metro","Virginia Beach-Norfolk-Newport News, VA-NC"
47340,,,,"Non-metro","Wabash, IN"
47420,,,,"Non-metro","Wahpeton, ND-MN"
47460,,,,"Non-metro","Walla Walla, WA"
47500,,,,"Non-metro","47500"
47620,,,,"Non-metro","Warren, PA"
47660,,,,"Non-metro","Warrensburg, MO"
47700,,,,"Non-metro","Warsaw, IN"
47780,,,,"Non-metro","Washington, IN"
47820,,,,"Non-metro","Washington, NC"
47920,,,,"Non-metro","Washington Court House, OH"
47940,,,,"Non-metro","Waterloo-Cedar Falls, IA"
47980,,,,"Non-metro","Watertown, SD"
48020,,,,"Non-metro","Watertown-Fort Atkinson, WI"
48060,,,,"Non-metro","Watertown-Fort Drum, NY"
48100,,,,"Non-metro","Wauchula, FL"
48180,,,,"Non-metro","Waycross, GA"
48300,,,,"Non-metro","Wenatchee, WA"
48460,,,,"Non-metro","West Plains, MO"
48500,,,,"Non-metro","48500"
48580,,,,"Non-metro","Whitewater-Elkhorn, WI"
48620,,,,"Non-metro","Wichita, KS"
48660,,,,"Non-metro","Wichita Falls, TX"
48740,,,,"Non-metro","48740"
48780,,,,"Non-metro","Williston, ND"
48820,,,,"Non-metro","Willmar, MN"
48900,,,,"Non-metro","Wilmington, NC"
48940,,,,"Non-metro","Wilmington, OH"
48980,,,,"Non-metro","Wilson, NC"
49020,,,,"Non-metro","Winchester, VA-WV"
49060,,,,"Non-metro","49060"
49100,,,,"Non-metro","Winona, MN"
49260,,,,"Non-metro","Woodward, OK"
49300,,,,"Non-metro","Wooster, OH"
49340,,,,"Non-metro","Worcester, MA-CT"
49380,,,,"Non-metro","Worthington, MN"
49460,,,,"Non-metro","Yankton, SD"
49540,,,,"Non-metro","49540"
49780,,,,"Non-metro","Zanesville, OH"
,,,,"Non-metro",""
